,acousticness,danceability,duration,energy,liveness,loudness,speechiness,tempo(BPM),valence,year
0,0.19,0.67,217000,0.89,0.08,-4,0.04,97,0.8,2010
1,0.24,0.75,263000,0.93,0.52,-5,0.23,87,0.64,2010
2,0.1,0.76,200000,0.84,0.29,-3,0.14,120,0.71,2010
3,0.0,0.7,295000,0.92,0.08,-4,0.04,119,0.71,2010
4,0.02,0.64,221000,0.84,0.09,-5,0.04,109,0.43,2010
5,0.04,0.73,214000,0.86,0.11,-5,0.14,65,0.54,2010
6,0.0,0.75,203000,0.78,0.04,-4,0.09,120,0.82,2010
7,0.07,0.52,225000,0.76,0.12,-6,0.04,148,0.38,2010
8,0.74,0.48,216000,0.37,0.12,-8,0.03,93,0.14,2010
9,0.13,0.79,235000,0.72,0.07,-4,0.04,126,0.61,2010
10,0.03,0.62,235000,0.87,0.06,-4,0.03,128,0.47,2010
11,0.33,0.62,230000,0.83,0.1,-5,0.04,145,0.48,2010
12,0.18,0.77,213000,0.82,0.7,-5,0.05,130,0.63,2010
13,0.01,0.83,221000,0.83,0.11,-6,0.04,122,0.71,2010
14,0.01,0.44,217000,0.84,0.12,-8,0.45,125,0.78,2010
15,0.2,0.78,269000,0.75,0.36,-6,0.03,130,0.33,2010
16,0.05,0.72,202000,0.61,0.11,-4,0.03,121,0.83,2010
17,0.07,0.82,308000,0.81,0.6,-8,0.07,128,0.44,2010
18,0.0,0.63,274000,0.8,0.36,-7,0.05,99,0.37,2010
19,0.01,0.83,187000,0.61,0.09,-4,0.1,120,0.76,2010
20,0.0,0.8,284000,0.63,0.32,-7,0.07,130,0.4,2010
21,0.01,0.44,227000,0.68,0.06,-5,0.05,186,0.45,2010
22,0.0,0.73,215000,0.68,0.09,-5,0.03,125,0.74,2010
23,0.0,0.7,216000,0.81,0.22,-5,0.04,103,0.73,2010
24,0.26,0.53,238000,0.95,0.28,-4,0.05,146,0.65,2010
25,0.0,0.48,212000,0.83,0.38,-6,0.04,148,0.74,2010
26,0.02,0.61,203000,0.9,0.05,-5,0.05,133,0.88,2010
27,0.02,0.65,231000,0.94,0.06,-3,0.09,129,0.73,2010
28,0.02,0.72,228000,0.8,0.13,-5,0.04,120,0.59,2010
29,0.0,0.79,235000,0.75,0.18,-4,0.05,125,0.4,2010
30,0.05,0.7,213000,0.71,0.14,-2,0.05,135,0.79,2010
31,0.01,0.68,192000,0.89,0.36,-4,0.08,138,0.83,2010
32,0.08,0.75,172000,0.84,0.42,-3,0.12,120,0.52,2010
33,0.18,0.6,258000,0.52,0.31,-7,0.37,92,0.41,2010
34,0.16,0.5,249000,0.82,0.13,-5,0.11,111,0.55,2010
35,0.08,0.81,196000,0.63,0.13,-5,0.05,130,0.8,2010
36,0.83,0.29,264000,0.41,0.13,-5,0.03,164,0.07,2010
37,0.01,0.65,228000,0.91,0.37,-4,0.11,131,0.79,2010
38,0.02,0.72,269000,0.91,0.43,-6,0.1,125,0.84,2010
39,0.03,0.5,253000,0.81,0.12,-5,0.09,150,0.26,2010
40,0.47,0.51,185000,0.85,0.12,-4,0.27,150,0.72,2010
41,0.04,0.71,273000,0.41,0.1,-7,0.03,104,0.1,2010
42,0.01,0.31,251000,0.75,0.65,-4,0.11,182,0.16,2010
43,0.19,0.8,193000,0.87,0.09,-4,0.07,112,0.85,2010
44,0.85,0.23,257000,0.39,0.14,-6,0.04,43,0.07,2010
45,0.0,0.76,186000,0.81,0.56,-5,0.04,120,0.54,2010
46,0.06,0.64,220000,0.95,0.18,-4,0.07,91,0.57,2010
47,0.03,0.66,221000,0.86,0.08,-3,0.11,120,0.65,2010
48,0.07,0.45,329000,0.86,0.26,-5,0.39,80,0.58,2010
49,0.0,0.67,186000,0.9,0.08,-5,0.03,122,0.63,2010
50,0.01,0.67,191000,0.98,0.1,-3,0.03,128,0.45,2010
51,0.31,0.42,285000,0.41,0.11,-7,0.03,139,0.16,2011
52,0.89,0.56,285000,0.33,0.1,-8,0.03,135,0.28,2011
53,0.19,0.67,252000,0.94,0.3,-3,0.16,129,0.53,2011
54,0.02,0.64,221000,0.84,0.09,-5,0.04,109,0.43,2011
55,0.13,0.73,228000,0.76,0.05,-5,0.03,105,0.52,2011
56,0.0,0.73,236000,0.9,0.37,-4,0.14,127,0.76,2011
57,0.01,0.72,201000,0.76,0.32,-4,0.05,128,0.62,2011
58,0.08,0.65,267000,0.75,0.6,-5,0.09,94,0.65,2011
59,0.15,0.71,223000,0.56,0.12,-7,0.06,110,0.23,2011
60,0.08,0.69,200000,0.78,0.16,-5,0.12,100,0.81,2011
61,0.0,0.58,221000,0.93,0.14,-4,0.05,150,0.88,2011
62,0.0,0.59,260000,0.83,0.33,-5,0.16,124,0.49,2011
63,0.0,0.63,379000,0.69,0.67,-6,0.2,125,0.1,2011
64,0.33,0.62,230000,0.83,0.1,-5,0.04,145,0.48,2011
65,0.14,0.55,254000,0.65,0.09,-4,0.03,99,0.3,2011
66,0.02,0.75,262000,0.74,0.27,-4,0.16,130,0.35,2011
67,0.01,0.74,205000,0.82,0.12,-5,0.04,120,0.65,2011
68,0.03,0.64,223000,0.83,0.27,-4,0.18,175,0.68,2011
69,0.08,0.63,253000,0.69,0.13,-8,0.05,95,0.65,2011
70,0.19,0.66,219000,0.63,0.11,-9,0.18,94,0.26,2011
71,0.11,0.73,285000,0.78,0.07,-5,0.05,130,0.57,2011
72,0.23,0.69,263000,0.79,0.08,-3,0.07,100,0.58,2011
73,0.0,0.71,242000,0.88,0.09,-3,0.04,130,0.7,2011
74,0.23,0.61,208000,0.61,0.16,-4,0.03,128,0.4,2011
75,0.1,0.71,199000,0.86,0.19,-4,0.32,130,0.8,2011
76,0.0,0.58,321000,0.77,0.11,-6,0.04,128,0.36,2011
77,0.02,0.62,230000,0.87,0.37,-5,0.18,152,0.76,2011
78,0.02,0.69,238000,0.71,0.2,-6,0.07,132,0.45,2011
79,0.0,0.7,210000,0.55,0.33,-7,0.04,130,0.79,2011
80,0.0,0.75,220000,0.73,0.07,-4,0.04,120,0.81,2011
81,0.09,0.52,307000,0.7,0.09,-5,0.05,127,0.52,2011
82,0.0,0.66,249000,0.93,0.27,-4,0.07,131,0.53,2011
83,0.03,0.65,232000,0.89,0.12,-4,0.05,126,0.32,2011
84,0.0,0.7,197000,0.88,0.13,-4,0.03,120,0.66,2011
85,0.03,0.73,215000,0.77,0.11,-4,0.04,128,0.6,2011
86,0.0,0.61,265000,0.88,0.46,-4,0.06,131,0.38,2011
87,0.38,0.3,274000,0.38,0.07,-7,0.03,63,0.26,2011
88,0.01,0.65,229000,0.72,0.24,-5,0.04,133,0.39,2011
89,0.02,0.59,200000,0.75,0.08,-4,0.14,84,0.7,2011
90,0.13,0.71,223000,0.81,0.37,-5,0.06,120,0.89,2011
91,0.02,0.58,262000,0.91,0.29,-4,0.04,80,0.73,2011
92,0.05,0.82,257000,0.81,0.05,-3,0.05,128,0.89,2011
93,0.06,0.64,220000,0.95,0.18,-4,0.07,91,0.57,2011
94,0.73,0.35,247000,0.35,0.12,-6,0.03,75,0.09,2011
95,0.07,0.45,329000,0.86,0.26,-5,0.39,80,0.58,2011
96,0.91,0.3,255000,0.38,0.11,-8,0.03,125,0.19,2011
97,0.06,0.77,201000,0.74,0.4,-7,0.23,127,0.59,2011
98,0.0,0.68,208000,0.64,0.12,-7,0.12,122,0.56,2011
99,0.02,0.73,201000,0.88,0.32,-4,0.07,129,0.69,2011
100,0.39,0.5,279000,0.88,0.22,-4,0.38,130,0.37,2011
101,0.0,0.65,231000,0.81,0.67,-4,0.04,126,0.72,2011
102,0.14,0.64,228000,0.83,0.11,-5,0.05,124,0.65,2011
103,0.56,0.8,227000,0.72,0.19,-5,0.33,98,0.53,2011
104,0.07,0.6,245000,0.79,0.13,-4,0.1,126,0.3,2012
105,0.05,0.73,233000,0.7,0.31,-4,0.04,144,0.87,2012
106,0.05,0.45,279000,0.59,0.08,-7,0.03,140,0.2,2012
107,0.02,0.74,231000,0.75,0.29,-5,0.04,110,0.55,2012
108,0.01,0.73,200000,0.79,0.06,-2,0.07,125,0.89,2012
109,0.0,0.62,220000,0.47,0.03,-7,0.04,77,0.68,2012
110,0.01,0.78,193000,0.58,0.11,-7,0.04,120,0.66,2012
111,0.08,0.86,188000,0.68,0.07,-4,0.05,117,0.92,2012
112,0.0,0.61,242000,0.68,0.13,-4,0.03,108,0.47,2012
113,0.01,0.63,193000,0.68,0.12,-6,0.09,86,0.75,2012
114,0.05,0.56,222000,0.94,0.11,-4,0.05,116,0.68,2012
115,0.0,0.67,248000,0.63,0.09,-7,0.03,104,0.55,2012
116,0.14,0.75,211000,0.72,0.25,-2,0.08,125,0.75,2012
117,0.06,0.72,220000,0.82,0.08,-3,0.03,93,0.62,2012
118,0.02,0.56,206000,0.87,0.37,-4,0.14,126,0.68,2012
119,0.03,0.72,198000,0.85,0.11,-4,0.06,127,0.45,2012
120,0.0,0.6,228000,0.84,0.07,-5,0.06,128,0.53,2012
121,0.01,0.67,227000,0.86,0.34,-3,0.05,120,0.65,2012
122,0.02,0.67,277000,0.74,0.09,-7,0.05,108,0.39,2012
123,0.04,0.72,171000,0.55,0.13,-6,0.05,97,0.33,2012
124,0.0,0.68,216000,0.92,0.07,-5,0.04,130,0.77,2012
125,0.01,0.76,232000,0.55,0.04,-5,0.03,127,0.78,2012
126,0.0,0.72,243000,0.85,0.22,-6,0.09,128,0.44,2012
127,0.07,0.51,221000,0.68,0.39,-5,0.04,160,0.57,2012
128,0.0,0.69,227000,0.8,0.16,-4,0.04,134,0.88,2012
129,0.02,0.79,237000,0.86,0.1,-5,0.07,128,0.71,2012
130,0.0,0.59,228000,0.84,0.16,-6,0.1,130,0.64,2012
131,0.03,0.68,211000,0.8,0.13,-6,0.04,120,0.78,2012
132,0.02,0.38,251000,0.64,0.08,-6,0.08,184,0.74,2012
133,0.0,0.56,225000,0.71,0.11,-5,0.05,92,0.39,2012
134,0.01,0.72,206000,0.96,0.38,-4,0.09,127,0.95,2012
135,0.5,0.7,200000,0.72,0.13,-5,0.04,127,0.86,2012
136,0.03,0.65,211000,0.8,0.27,-3,0.1,90,0.8,2012
137,0.34,0.58,258000,0.84,0.08,-7,0.05,150,0.48,2012
138,0.0,0.6,256000,0.92,0.25,-3,0.04,114,0.75,2012
139,0.0,0.51,230000,0.81,0.21,-5,0.05,160,0.69,2013
140,0.0,0.53,247000,0.78,0.16,-6,0.05,124,0.64,2013
141,0.23,0.6,245000,0.66,0.12,-6,0.05,121,0.29,2013
142,0.35,0.78,243000,0.55,0.13,-7,0.05,95,0.44,2013
143,0.07,0.42,203000,0.87,0.12,-4,0.06,85,0.63,2013
144,0.0,0.55,224000,0.77,0.35,-5,0.04,180,0.46,2013
145,0.01,0.61,231000,0.62,0.37,-6,0.03,80,0.48,2013
146,0.11,0.61,213000,0.84,0.12,-3,0.05,129,0.44,2013
147,0.04,0.79,248000,0.81,0.1,-9,0.04,116,0.86,2013
148,0.41,0.53,221000,0.42,0.11,-6,0.03,120,0.35,2013
149,0.14,0.38,209000,0.7,0.11,-5,0.09,170,0.3,2013
150,0.0,0.85,264000,0.6,0.08,-5,0.04,120,0.84,2013
151,0.07,0.5,211000,0.79,0.24,-5,0.1,174,0.5,2013
152,0.01,0.63,193000,0.68,0.12,-6,0.09,86,0.75,2013
153,0.0,0.71,212000,0.7,0.22,-5,0.05,128,0.8,2013
154,0.04,0.51,271000,0.78,0.07,-3,0.07,128,0.18,2013
155,0.02,0.57,215000,0.81,0.13,-6,0.06,126,0.11,2013
156,0.13,0.54,184000,0.92,0.12,-3,0.08,126,0.51,2013
157,0.0,0.47,177000,0.92,0.31,-4,0.06,155,0.73,2013
158,0.0,0.77,228000,0.41,0.07,-7,0.1,100,0.29,2013
159,0.02,0.65,200000,0.88,0.08,-3,0.05,118,0.49,2013
160,0.02,0.63,183000,0.93,0.32,-3,0.06,90,0.91,2013
161,0.2,0.57,213000,0.93,0.06,-4,0.11,128,0.58,2013
162,0.08,0.83,354000,0.66,0.08,-8,0.06,100,0.67,2013
163,0.16,0.63,248000,0.82,0.07,-7,0.16,128,0.85,2013
164,0.01,0.55,221000,0.84,0.04,-4,0.05,185,0.76,2013
165,0.03,0.63,258000,0.93,0.1,-4,0.08,146,0.88,2013
166,0.04,0.67,230000,0.76,0.34,-4,0.16,136,0.54,2013
167,0.23,0.56,272000,0.52,0.1,-6,0.04,84,0.23,2013
168,0.25,0.66,252000,0.68,0.37,-7,0.04,125,0.25,2013
169,0.06,0.78,236000,0.53,0.05,-7,0.29,95,0.66,2013
170,0.26,0.52,215000,0.75,0.14,-6,0.04,126,0.16,2013
171,0.29,0.65,227000,0.88,0.08,-3,0.11,82,0.86,2013
172,0.1,0.8,326000,0.6,0.16,-4,0.22,102,0.36,2013
173,0.0,0.8,280000,0.61,0.07,-6,0.06,128,0.4,2013
174,0.01,0.71,157000,0.91,0.15,-3,0.03,126,0.82,2013
175,0.04,0.72,209000,0.87,0.66,-3,0.04,130,0.68,2013
176,0.0,0.66,225000,0.67,0.26,-5,0.03,120,0.37,2013
177,0.13,0.68,230000,0.78,0.12,-6,0.04,120,0.4,2013
178,0.01,0.76,241000,0.62,0.09,-6,0.18,130,0.52,2013
179,0.0,0.85,224000,0.74,0.55,-5,0.09,121,0.77,2013
180,0.01,0.56,202000,0.82,0.1,-3,0.06,126,0.43,2013
181,0.01,0.47,207000,0.96,0.34,-3,0.13,184,0.67,2013
182,0.14,0.56,263000,0.52,0.34,-7,0.1,105,0.58,2013
183,0.14,0.58,277000,0.6,0.43,-6,0.05,77,0.65,2013
184,0.09,0.67,197000,0.8,0.11,-5,0.04,95,0.35,2013
185,0.0,0.58,196000,0.86,0.32,-4,0.04,87,0.59,2013
186,0.92,0.45,221000,0.23,0.11,-8,0.04,130,0.23,2013
187,0.09,0.55,271000,0.81,0.15,-6,0.31,93,0.34,2013
188,0.01,0.61,424000,0.68,0.43,-7,0.24,138,0.49,2013
189,0.01,0.55,232000,0.79,0.1,-4,0.05,80,0.58,2013
190,0.01,0.69,244000,0.73,0.33,-5,0.17,128,0.65,2013
191,0.01,0.55,206000,0.94,0.23,-4,0.13,104,0.56,2013
192,0.63,0.28,236000,0.45,0.11,-8,0.03,136,0.11,2013
193,0.0,0.63,203000,0.78,0.04,-7,0.04,100,0.28,2013
194,0.04,0.59,353000,0.66,0.64,-5,0.16,107,0.33,2013
195,0.03,0.67,212000,0.78,0.11,-4,0.05,140,0.73,2013
196,0.43,0.7,286000,0.78,0.14,-4,0.03,103,0.38,2013
197,0.01,0.62,221000,0.88,0.35,-5,0.1,128,0.66,2013
198,0.07,0.68,198000,0.98,0.28,-2,0.09,148,0.9,2013
199,0.29,0.68,200000,0.76,0.31,-5,0.04,107,0.45,2013
200,0.09,0.36,211000,0.95,0.37,-3,0.48,201,0.51,2013
201,0.04,0.72,229000,0.75,0.13,-4,0.04,128,0.5,2013
202,0.02,0.69,257000,0.57,0.11,-5,0.05,128,0.73,2013
203,0.04,0.6,259000,0.79,0.36,-5,0.04,128,0.61,2013
204,0.01,0.77,227000,0.7,0.06,-6,0.03,107,0.79,2013
205,0.0,0.53,186000,0.74,0.24,-6,0.04,130,0.45,2013
206,0.1,0.67,230000,0.83,0.16,-4,0.07,127,0.58,2013
207,0.23,0.51,250000,0.34,0.12,-11,0.03,132,0.07,2013
208,0.16,0.71,207000,0.84,0.21,-4,0.03,95,0.66,2013
209,0.13,0.65,274000,0.78,0.12,-5,0.06,104,0.45,2013
210,0.92,0.42,270000,0.26,0.13,-7,0.03,120,0.33,2014
211,0.59,0.42,173000,0.42,0.11,-6,0.04,84,0.18,2014
212,0.02,0.6,223000,0.86,0.14,-4,0.03,128,0.74,2014
213,0.22,0.65,233000,0.82,0.09,-5,0.18,160,0.96,2014
214,0.04,0.77,225000,0.76,0.31,-5,0.04,144,0.93,2014
215,0.06,0.65,219000,0.8,0.33,-5,0.17,160,0.94,2014
216,0.0,0.65,216000,0.59,0.17,-6,0.05,132,0.35,2014
217,0.03,0.55,255000,0.78,0.08,-5,0.04,125,0.46,2014
218,0.02,0.74,190000,0.71,0.06,-6,0.03,120,0.88,2014
219,0.04,0.87,179000,0.69,0.32,-5,0.04,116,0.94,2014
220,0.39,0.51,253000,0.54,0.1,-7,0.06,75,0.24,2014
221,0.02,0.66,194000,0.81,0.16,-5,0.15,103,0.63,2014
222,0.08,0.68,214000,0.72,0.27,-6,0.04,127,0.57,2014
223,0.17,0.69,193000,0.58,0.31,-7,0.09,100,0.42,2014
224,0.0,0.5,240000,0.89,0.1,-5,0.04,126,0.21,2014
225,0.02,0.5,256000,0.73,0.09,-5,0.17,122,0.52,2014
226,0.11,0.58,279000,0.66,0.11,-5,0.03,120,0.2,2014
227,0.13,0.78,246000,0.72,0.07,-6,0.04,118,0.71,2014
228,0.31,0.56,231000,0.78,0.11,-5,0.04,87,0.33,2014
229,0.0,0.49,202000,0.95,0.33,-4,0.13,160,0.44,2014
230,0.09,0.91,200000,0.72,0.05,-4,0.07,95,0.38,2014
231,0.03,0.76,178000,0.65,0.31,-7,0.23,100,0.76,2014
232,0.45,0.72,244000,0.54,0.1,-7,0.04,140,0.64,2014
233,0.13,0.44,251000,0.49,0.11,-6,0.04,144,0.25,2014
234,0.46,0.56,229000,0.75,0.21,-5,0.03,126,0.5,2014
235,0.08,0.7,193000,0.62,0.16,-7,0.25,82,0.72,2014
236,0.17,0.72,225000,0.93,0.08,-4,0.06,120,0.74,2014
237,0.02,0.69,204000,0.64,0.15,-6,0.05,96,0.8,2014
238,0.0,0.71,232000,0.92,0.27,-4,0.04,126,0.98,2014
239,0.01,0.76,241000,0.62,0.09,-6,0.18,130,0.52,2014
240,0.01,0.79,184000,0.92,0.08,-3,0.25,128,0.66,2014
241,0.03,0.41,319000,0.44,0.31,-12,0.29,186,0.17,2014
242,0.09,0.72,215000,0.67,0.11,-5,0.07,126,0.84,2014
243,0.01,0.62,233000,0.92,0.12,-3,0.04,110,0.57,2014
244,0.11,0.6,217000,0.74,0.09,-3,0.04,128,0.46,2014
245,0.03,0.5,226000,0.66,0.27,-6,0.04,140,0.25,2014
246,0.08,0.47,252000,0.71,0.16,-5,0.03,83,0.22,2014
247,0.12,0.69,207000,0.81,0.14,-4,0.07,138,0.82,2014
248,0.06,0.35,191000,0.77,0.12,-4,0.05,192,0.04,2014
249,0.87,0.45,229000,0.15,0.09,-9,0.03,138,0.09,2014
250,0.01,0.55,268000,0.68,0.21,-6,0.03,125,0.16,2014
251,0.27,0.93,202000,0.8,0.1,-6,0.08,120,0.9,2014
252,0.02,0.29,216000,0.78,0.07,-3,0.07,174,0.62,2014
253,0.17,0.47,216000,0.79,0.31,-9,0.26,170,0.21,2014
254,0.0,0.6,222000,0.94,0.1,-4,0.07,125,0.55,2014
255,0.97,0.41,190000,0.14,0.09,-10,0.04,116,0.23,2014
256,0.01,0.59,323000,0.62,0.18,-7,0.05,140,0.4,2014
257,0.07,0.96,260000,0.6,0.21,-6,0.18,130,0.65,2014
258,0.07,0.68,169000,0.81,0.34,-4,0.06,92,0.64,2014
259,0.18,0.8,198000,0.82,0.35,-5,0.04,128,0.61,2014
260,0.84,0.68,160000,0.34,0.09,-9,0.03,76,0.56,2014
261,0.28,0.53,239000,0.35,0.14,-9,0.03,120,0.19,2014
262,0.28,0.63,224000,0.58,0.38,-7,0.07,149,0.56,2014
263,0.15,0.78,235000,0.5,0.11,-7,0.04,130,0.39,2014
264,0.02,0.56,215000,0.82,0.19,-3,0.05,92,0.57,2014
265,0.1,0.64,230000,0.54,0.25,-9,0.11,110,0.53,2014
266,0.45,0.74,207000,0.73,0.12,-6,0.42,96,0.59,2014
267,0.27,0.59,266000,0.73,0.38,-6,0.06,86,0.46,2014
268,0.47,0.78,282000,0.45,0.18,-6,0.03,79,0.59,2015
269,0.53,0.68,239000,0.49,0.08,-6,0.04,82,0.49,2015
270,0.07,0.58,242000,0.56,0.14,-7,0.05,113,0.14,2015
271,0.84,0.61,234000,0.38,0.28,-10,0.44,100,0.52,2015
272,0.01,0.86,270000,0.61,0.03,-7,0.08,115,0.93,2015
273,0.63,0.57,242000,0.66,0.12,-5,0.05,129,0.44,2015
274,0.06,0.75,235000,0.79,0.09,-7,0.03,120,0.88,2015
275,0.08,0.65,201000,0.76,0.3,-4,0.05,100,0.41,2015
276,0.88,0.58,188000,0.27,0.13,-6,0.05,206,0.35,2015
277,0.25,0.26,253000,0.61,0.13,-7,0.05,190,0.28,2015
278,0.39,0.66,252000,0.38,0.1,-6,0.03,120,0.44,2015
279,0.59,0.85,206000,0.57,0.08,-8,0.1,125,0.79,2015
280,0.02,0.75,207000,0.75,0.05,-7,0.07,150,0.76,2015
281,0.01,0.78,208000,0.68,0.11,-6,0.06,114,0.66,2015
282,0.02,0.69,192000,0.7,0.13,-5,0.05,94,0.74,2015
283,0.01,0.83,208000,0.51,0.08,-9,0.04,120,0.45,2015
284,0.86,0.67,227000,0.52,0.12,-8,0.04,120,0.37,2015
285,0.04,0.74,213000,0.87,0.39,-4,0.07,122,0.34,2015
286,0.0,0.58,213000,0.73,0.27,-6,0.05,146,0.28,2015
287,0.01,0.47,236000,0.71,0.08,-4,0.03,99,0.24,2015
288,0.0,0.28,231000,0.74,0.59,-6,0.09,190,0.33,2015
289,0.03,0.41,213000,0.86,0.34,-4,0.08,128,0.35,2015
290,0.06,0.88,225000,0.77,0.12,-4,0.09,100,0.59,2015
291,0.01,0.69,215000,0.7,0.2,-5,0.05,130,0.28,2015
292,0.01,0.81,220000,0.61,0.64,-7,0.07,95,0.85,2015
293,0.01,0.42,257000,0.79,0.15,-5,0.05,130,0.5,2015
294,0.16,0.8,228000,0.59,0.19,-7,0.04,121,0.55,2015
295,0.34,0.48,295000,0.45,0.09,-6,0.03,158,0.29,2015
296,0.38,0.66,184000,0.78,0.32,-5,0.19,79,0.83,2015
297,0.01,0.75,214000,0.71,0.13,-5,0.13,136,0.56,2015
298,0.05,0.62,227000,0.79,0.14,-5,0.04,83,0.62,2015
299,0.24,0.6,193000,0.73,0.33,-4,0.15,86,0.53,2015
300,0.21,0.63,218000,0.8,0.14,-7,0.16,176,0.91,2015
301,0.13,0.59,208000,0.8,0.08,-5,0.06,95,0.43,2015
302,0.3,0.82,235000,0.67,0.06,-4,0.05,120,0.94,2015
303,0.01,0.68,222000,0.71,0.44,-4,0.08,93,0.45,2015
304,0.12,0.71,202000,0.73,0.19,-4,0.09,121,0.85,2015
305,0.09,0.83,293000,0.61,0.29,-4,0.07,110,0.71,2015
306,0.1,0.57,233000,0.89,0.33,-5,0.08,91,0.31,2015
307,0.01,0.49,199000,0.8,0.06,-4,0.05,149,0.48,2015
308,0.02,0.69,224000,0.85,0.1,-5,0.03,115,0.64,2015
309,0.56,0.63,217000,0.7,0.1,-5,0.24,82,0.64,2015
310,0.01,0.32,213000,0.85,0.48,-6,0.08,139,0.08,2015
311,0.02,0.67,229000,0.59,0.21,-4,0.03,98,0.44,2015
312,0.01,0.58,240000,0.85,0.14,-3,0.06,130,0.37,2015
313,0.05,0.78,183000,0.83,0.11,-5,0.05,139,0.95,2015
314,0.05,0.36,200000,0.61,0.18,-7,0.1,192,0.08,2015
315,0.08,0.38,199000,0.82,0.08,-4,0.1,120,0.33,2015
316,0.07,0.59,235000,0.85,0.27,-5,0.04,120,0.34,2015
317,0.09,0.69,235000,0.94,0.05,-5,0.06,123,0.79,2015
318,0.18,0.68,230000,0.94,0.12,-4,0.06,124,0.65,2015
319,0.08,0.53,245000,0.81,0.1,-6,0.06,127,0.21,2015
320,0.01,0.62,205000,0.81,0.22,-5,0.04,122,0.6,2015
321,0.01,0.81,171000,0.87,0.05,-5,0.11,103,0.74,2015
322,0.06,0.75,235000,0.79,0.09,-7,0.03,120,0.88,2015
323,0.27,0.67,211000,0.88,0.44,-6,0.24,100,0.79,2015
324,0.05,0.81,189000,0.88,0.11,-4,0.05,134,0.96,2015
325,0.26,0.7,213000,0.71,0.09,-7,0.05,155,0.74,2015
326,0.21,0.79,198000,0.67,0.28,-4,0.04,106,0.85,2015
327,0.05,0.63,233000,0.67,0.1,-7,0.05,116,0.29,2015
328,0.0,0.71,210000,0.95,0.26,-4,0.05,129,0.4,2015
329,0.79,0.77,204000,0.36,0.1,-11,0.04,125,0.76,2015
330,0.88,0.38,134000,0.26,0.17,-9,0.03,114,0.52,2015
331,0.14,0.67,242000,0.75,0.19,-7,0.04,123,0.48,2015
332,0.05,0.39,320000,0.75,0.33,-6,0.09,78,0.48,2015
333,0.27,0.71,199000,0.75,0.38,-4,0.09,150,0.73,2015
334,0.02,0.71,159000,0.7,0.07,-8,0.03,122,0.6,2015
335,0.25,0.51,264000,0.76,0.11,-4,0.05,100,0.44,2015
336,0.02,0.64,219000,0.82,0.16,-5,0.06,123,0.64,2015
337,0.02,0.74,199000,0.78,0.32,-6,0.07,113,0.86,2015
338,0.02,0.76,189000,0.89,0.62,-5,0.03,123,0.78,2015
339,0.37,0.69,230000,0.48,0.06,-8,0.08,80,0.28,2015
340,0.04,0.52,210000,0.75,0.24,-4,0.06,126,0.35,2015
341,0.33,0.47,292000,0.6,0.09,-6,0.05,156,0.04,2015
342,0.06,0.65,230000,0.82,0.12,-5,0.08,100,0.4,2015
343,0.04,0.54,250000,0.55,0.12,-7,0.04,79,0.09,2015
344,0.05,0.6,193000,0.87,0.1,-4,0.08,108,0.59,2015
345,0.2,0.48,309000,0.59,0.06,-6,0.05,89,0.27,2015
346,0.04,0.67,219000,0.79,0.25,-5,0.09,123,0.39,2015
347,0.01,0.69,203000,0.55,0.1,-5,0.03,100,0.26,2015
348,0.06,0.57,211000,0.82,0.16,-3,0.03,120,0.66,2015
349,0.0,0.47,227000,0.76,0.14,-6,0.04,77,0.52,2015
350,0.01,0.68,193000,0.85,0.06,-3,0.06,127,0.93,2015
351,0.43,0.64,285000,0.67,0.08,-6,0.04,93,0.08,2015
352,0.75,0.26,225000,0.43,0.11,-11,0.03,117,0.09,2015
353,0.02,0.57,243000,0.78,0.33,-4,0.03,128,0.28,2015
354,0.09,0.72,229000,0.8,0.69,-6,0.06,124,0.72,2015
355,0.04,0.85,186000,0.88,0.1,-5,0.06,122,0.79,2015
356,0.01,0.8,196000,0.78,0.04,-6,0.18,128,0.83,2015
357,0.02,0.62,224000,0.84,0.08,-5,0.08,126,0.39,2015
358,0.08,0.88,202000,0.8,0.2,-4,0.06,120,0.54,2015
359,0.45,0.28,273000,0.37,0.11,-7,0.04,112,0.08,2015
360,0.01,0.72,238000,0.9,0.06,-4,0.13,112,0.88,2015
361,0.0,0.9,255000,0.53,0.08,-5,0.05,109,0.65,2015
362,0.02,0.48,193000,0.39,0.26,-8,0.09,202,0.27,2015
363,0.07,0.58,242000,0.56,0.14,-7,0.05,113,0.14,2016
364,0.84,0.61,234000,0.38,0.28,-10,0.44,100,0.52,2016
365,0.15,0.77,219000,0.75,0.04,-5,0.05,119,0.9,2016
366,0.16,0.53,208000,0.87,0.14,-5,0.17,160,0.42,2016
367,0.11,0.5,196000,0.52,0.45,-6,0.04,134,0.17,2016
368,0.02,0.62,244000,0.73,0.14,-6,0.11,108,0.37,2016
369,0.2,0.63,222000,0.93,0.15,-3,0.03,124,0.47,2016
370,0.49,0.67,205000,0.42,0.11,-8,0.04,130,0.15,2016
371,0.11,0.67,192000,0.31,0.08,-8,0.24,111,0.3,2016
372,0.29,0.77,237000,0.47,0.39,-6,0.05,120,0.34,2016
373,0.01,0.67,236000,0.83,0.19,-6,0.07,113,0.7,2016
374,0.1,0.8,214000,0.59,0.06,-6,0.04,105,0.59,2016
375,0.03,0.57,230000,0.74,0.11,-6,0.13,97,0.45,2016
376,0.4,0.63,225000,0.53,0.18,-7,0.04,108,0.42,2016
377,0.08,0.73,219000,0.53,0.09,-6,0.09,92,0.56,2016
378,0.02,0.75,207000,0.75,0.05,-7,0.07,150,0.76,2016
379,0.02,0.76,251000,0.67,0.16,-7,0.1,112,0.38,2016
380,0.04,0.66,198000,0.71,0.08,-7,0.11,102,0.69,2016
381,0.05,0.66,236000,0.6,0.36,-5,0.04,134,0.29,2016
382,0.38,0.73,182000,0.62,0.11,-4,0.06,100,0.51,2016
383,0.02,0.77,246000,0.75,0.11,-4,0.09,126,0.8,2016
384,0.01,0.61,218000,0.8,0.26,-8,0.05,120,0.52,2016
385,0.0,0.59,206000,0.75,0.09,-6,0.07,130,0.34,2016
386,0.05,0.79,263000,0.65,0.1,-8,0.1,118,0.39,2016
387,0.04,0.71,227000,0.8,0.31,-7,0.06,100,0.34,2016
388,0.07,0.61,185000,0.8,0.16,-5,0.04,93,0.5,2016
389,0.1,0.93,181000,0.69,0.48,-6,0.1,124,0.84,2016
390,0.04,0.75,166000,0.88,0.23,-4,0.07,108,0.75,2016
391,0.05,0.76,218000,0.68,0.07,-6,0.23,120,0.82,2016
392,0.25,0.65,234000,0.62,0.14,-5,0.08,124,0.4,2016
393,0.12,0.55,232000,0.79,0.47,-6,0.13,105,0.82,2016
394,0.1,0.66,194000,0.59,0.12,-9,0.03,90,0.3,2016
395,0.01,0.7,236000,0.67,0.08,-6,0.03,105,0.25,2016
396,0.13,0.59,208000,0.8,0.08,-5,0.06,95,0.43,2016
397,0.01,0.81,201000,0.5,0.34,-7,0.12,111,0.47,2016
398,0.88,0.59,272000,0.28,0.15,-5,0.03,142,0.34,2016
399,0.01,0.63,215000,0.7,0.11,-6,0.15,163,0.5,2016
400,0.01,0.56,214000,0.8,0.74,-4,0.22,92,0.65,2016
401,0.01,0.76,218000,0.88,0.1,-5,0.04,120,0.4,2016
402,0.31,0.67,199000,0.69,0.08,-7,0.11,102,0.2,2016
403,0.01,0.32,213000,0.85,0.48,-6,0.08,139,0.08,2016
404,0.08,0.38,199000,0.82,0.08,-4,0.1,120,0.33,2016
405,0.0,0.61,182000,0.86,0.36,-5,0.04,125,0.66,2016
406,0.1,0.59,204000,0.7,0.09,-4,0.05,125,0.43,2016
407,0.0,0.55,236000,0.84,0.34,-7,0.04,92,0.34,2016
408,0.05,0.55,203000,0.64,0.11,-6,0.05,101,0.44,2016
409,0.09,0.55,170000,0.69,0.27,-6,0.04,100,0.35,2016
410,0.0,0.63,194000,0.74,0.28,-5,0.04,87,0.26,2016
411,0.6,0.47,216000,0.34,0.1,-6,0.04,175,0.27,2016
412,0.02,0.56,192000,0.83,0.26,-6,0.11,113,0.23,2016
413,0.06,0.59,225000,0.8,0.08,-5,0.22,90,0.73,2016
414,0.05,0.61,192000,0.89,0.09,-5,0.05,98,0.32,2016
415,0.01,0.56,251000,0.72,0.05,-6,0.05,119,0.25,2016
416,0.02,0.6,228000,0.88,0.16,-4,0.12,110,0.32,2016
417,0.04,0.69,223000,0.52,0.17,-8,0.1,164,0.56,2016
418,0.02,0.93,193000,0.82,0.06,-3,0.2,120,0.56,2016
419,0.3,0.71,203000,0.78,0.3,-5,0.06,126,0.64,2016
420,0.35,0.38,291000,0.59,0.09,-6,0.05,144,0.27,2016
421,0.11,0.68,224000,0.77,0.16,-5,0.1,114,0.72,2016
422,0.72,0.37,403000,0.57,0.13,-6,0.03,94,0.12,2016
423,0.02,0.58,238000,0.64,0.15,-8,0.03,106,0.18,2016
424,0.68,0.62,187000,0.54,0.13,-6,0.08,82,0.2,2016
425,0.16,0.7,231000,0.7,0.22,-7,0.1,123,0.58,2016
426,0.16,0.6,208000,0.78,0.19,-5,0.05,122,0.53,2016
427,0.4,0.57,225000,0.79,0.1,-3,0.04,126,0.49,2016
428,0.04,0.74,217000,0.71,0.13,-5,0.05,118,0.8,2016
429,0.0,0.73,193000,0.78,0.09,-5,0.13,108,0.64,2016
430,0.0,0.63,197000,0.95,0.1,-5,0.04,130,0.73,2016
431,0.99,0.52,310000,0.04,0.09,-15,0.04,110,0.26,2016
432,0.22,0.83,263000,0.75,0.2,-4,0.12,90,0.32,2016
433,0.01,0.65,234000,0.87,0.37,-5,0.06,114,0.44,2016
434,0.03,0.37,200000,0.65,0.09,-7,0.11,112,0.16,2016
435,0.26,0.75,192000,0.69,0.13,-5,0.04,91,0.52,2016
436,0.91,0.39,214000,0.17,0.11,-13,0.03,86,0.14,2016
437,0.0,0.57,204000,0.76,0.04,-6,0.06,124,0.4,2016
438,0.01,0.75,203000,0.7,0.11,-6,0.07,121,0.45,2016
439,0.05,0.83,250000,0.71,0.31,-7,0.18,123,0.83,2016
440,0.09,0.7,225000,0.81,0.37,-3,0.07,186,0.69,2016
441,0.25,0.8,228000,0.47,0.07,-10,0.04,98,0.69,2016
442,0.0,0.0,227000,0.0,0.0,-60,0.0,0,0.0,2016
443,0.58,0.83,234000,0.65,0.09,-3,0.08,96,0.93,2017
444,0.41,0.75,245000,0.52,0.11,-6,0.03,95,0.66,2017
445,0.14,0.68,230000,0.59,0.14,-7,0.28,186,0.49,2017
446,0.11,0.44,188000,0.82,0.11,-4,0.34,83,0.75,2017
447,0.01,0.85,207000,0.56,0.09,-5,0.04,134,0.86,2017
448,0.09,0.65,206000,0.72,0.14,-5,0.03,100,0.16,2017
449,0.43,0.77,269000,0.82,0.07,-6,0.12,93,0.59,2017
450,0.13,0.56,209000,0.66,0.11,-5,0.08,148,0.36,2017
451,0.05,0.65,226000,0.74,0.24,-6,0.23,159,0.61,2017
452,0.25,0.69,210000,0.62,0.12,-5,0.06,102,0.54,2017
453,0.12,0.64,221000,0.53,0.09,-7,0.07,100,0.52,2017
454,0.08,0.57,232000,0.78,0.08,-6,0.06,140,0.34,2017
455,0.03,0.61,248000,0.65,0.17,-7,0.04,103,0.51,2017
456,0.41,0.72,251000,0.76,0.18,-4,0.05,102,0.74,2017
457,0.06,0.74,245000,0.45,0.33,-8,0.06,118,0.09,2017
458,0.09,0.82,219000,0.91,0.16,-3,0.04,120,0.54,2017
459,0.06,0.61,289000,0.67,0.17,-4,0.04,81,0.81,2017
460,0.49,0.58,230000,0.39,0.11,-7,0.03,73,0.32,2017
461,0.23,0.65,229000,0.82,0.1,-4,0.17,178,0.82,2017
462,0.01,0.67,210000,0.73,0.06,-6,0.27,192,0.73,2017
463,0.12,0.61,222000,0.64,0.12,-8,0.06,106,0.13,2017
464,0.02,0.65,222000,0.64,0.09,-7,0.03,100,0.25,2017
465,0.33,0.33,216000,0.62,0.16,-6,0.38,85,0.6,2017
466,0.1,0.74,184000,0.79,0.05,-4,0.04,104,0.57,2017
467,0.5,0.74,231000,0.8,0.25,-3,0.05,104,0.51,2017
468,0.02,0.84,243000,0.71,0.1,-5,0.04,120,0.57,2017
469,0.08,0.45,238000,0.8,0.2,-5,0.17,190,0.47,2017
470,0.14,0.69,234000,0.72,0.05,-6,0.11,100,0.41,2017
471,0.49,0.53,273000,0.37,0.11,-11,0.03,99,0.23,2017
472,0.15,0.53,189000,0.91,0.1,-3,0.09,94,0.62,2017
473,0.88,0.59,272000,0.28,0.15,-5,0.03,142,0.34,2017
474,0.2,0.63,194000,0.59,0.1,-7,0.11,90,0.68,2017
475,0.08,0.7,211000,0.51,0.09,-5,0.03,100,0.52,2017
476,0.16,0.31,176000,0.54,0.07,-10,0.35,181,0.16,2017
477,0.07,0.93,224000,0.72,0.35,-6,0.11,125,0.46,2017
478,0.17,0.4,201000,0.87,0.36,-4,0.31,105,0.47,2017
479,0.04,0.69,192000,0.88,0.15,-4,0.06,124,0.49,2017
480,0.03,0.71,203000,0.87,0.12,-3,0.04,125,0.72,2017
481,0.03,0.82,226000,0.8,0.15,-4,0.08,107,0.63,2017
482,0.2,0.87,202000,0.5,0.08,-5,0.05,106,0.55,2017
483,0.01,0.71,208000,0.91,0.3,-3,0.06,115,0.65,2017
484,0.12,0.65,189000,0.81,0.13,-6,0.06,122,0.58,2017
485,0.13,0.8,228000,0.79,0.22,-6,0.06,106,0.52,2017
486,0.02,0.76,261000,0.57,0.2,-9,0.13,135,0.14,2017
487,0.03,0.72,205000,0.93,0.05,-4,0.05,108,0.54,2017
488,0.05,0.77,202000,0.74,0.09,-6,0.04,120,0.86,2017
489,0.01,0.74,188000,0.42,0.06,-7,0.05,86,0.85,2017
490,0.0,0.55,249000,0.87,0.14,-5,0.06,122,0.33,2017
491,0.0,0.65,236000,0.69,0.04,-5,0.04,102,0.86,2017
492,0.02,0.73,158000,0.64,0.08,-7,0.04,122,0.53,2017
493,0.0,0.74,189000,0.53,0.35,-6,0.04,124,0.13,2017
494,0.04,0.64,203000,0.75,0.49,-4,0.11,102,0.53,2017
495,0.49,0.7,218000,0.82,0.45,-5,0.22,100,0.67,2017
496,0.06,0.37,180000,0.5,0.2,-9,0.12,167,0.21,2017
497,0.08,0.69,223000,0.76,0.14,-4,0.04,100,0.59,2017
498,0.07,0.74,184000,0.9,0.08,-2,0.05,110,0.65,2017
499,0.58,0.51,264000,0.67,0.36,-9,0.06,100,0.27,2017
500,0.28,0.7,245000,0.83,0.36,-6,0.27,115,0.63,2017
501,0.1,0.77,225000,0.59,0.11,-10,0.05,105,0.33,2017
502,0.14,0.68,202000,0.53,0.04,-6,0.28,113,0.84,2017
503,0.02,0.57,223000,0.81,0.04,-5,0.05,158,0.78,2017
504,0.02,0.6,240000,0.84,0.11,-7,0.07,95,0.47,2017
505,0.85,0.27,286000,0.46,0.14,-4,0.03,87,0.21,2017
506,0.08,0.76,202000,0.77,0.08,-6,0.05,120,0.81,2017
507,0.0,0.43,282000,0.88,0.21,-5,0.04,148,0.25,2017
508,0.04,0.79,215000,0.86,0.08,-3,0.11,124,0.59,2018
509,0.18,0.77,217000,0.52,0.13,-4,0.03,105,0.39,2018
510,0.1,0.82,253000,0.73,0.37,-4,0.13,136,0.65,2018
511,0.0,0.76,209000,0.7,0.15,-6,0.07,116,0.61,2018
512,0.38,0.87,199000,0.81,0.08,-4,0.06,122,0.97,2018
513,0.04,0.7,206000,0.71,0.29,-6,0.06,122,0.35,2018
514,0.04,0.84,218000,0.54,0.08,-6,0.09,97,0.51,2018
515,0.06,0.62,211000,0.71,0.13,-7,0.07,140,0.49,2018
516,0.12,0.72,198000,0.8,0.2,-5,0.04,125,0.31,2018
517,0.1,0.26,239000,0.44,0.11,-7,0.04,180,0.1,2018
518,0.11,0.78,209000,0.61,0.13,-5,0.05,100,0.8,2018
519,0.01,0.59,238000,0.67,0.34,-6,0.05,118,0.51,2018
520,0.07,0.51,224000,0.64,0.08,-5,0.05,172,0.38,2018
521,0.03,0.66,175000,0.71,0.08,-4,0.05,103,0.74,2018
522,0.26,0.52,181000,0.76,0.17,-3,0.09,142,0.29,2018
523,0.02,0.71,204000,0.64,0.26,-7,0.23,144,0.89,2018
524,0.42,0.57,217000,0.33,0.09,-7,0.03,96,0.28,2018
525,0.19,0.65,211000,0.81,0.17,-4,0.05,92,0.55,2018
526,0.08,0.8,200000,0.6,0.1,-5,0.06,110,0.42,2018
527,0.02,0.7,217000,0.86,0.02,-5,0.1,105,0.93,2018
528,0.78,0.59,260000,0.3,0.12,-7,0.03,95,0.36,2018
529,0.06,0.68,181000,0.75,0.09,-4,0.03,118,0.61,2018
530,0.05,0.59,269000,0.73,0.31,-6,0.09,88,0.19,2018
531,0.0,0.74,189000,0.73,0.3,-5,0.04,105,0.62,2018
532,0.03,0.67,204000,0.67,0.12,-3,0.07,98,0.63,2018
533,0.0,0.7,205000,0.46,0.05,-8,0.08,103,0.48,2018
534,0.03,0.66,219000,0.81,0.05,-6,0.08,100,0.46,2018
535,0.11,0.66,193000,0.58,0.12,-8,0.05,90,0.45,2018
536,0.03,0.47,196000,0.59,0.13,-6,0.03,86,0.5,2018
537,0.2,0.77,212000,0.71,0.13,-6,0.12,128,0.51,2018
538,0.56,0.53,191000,0.6,0.13,-7,0.12,100,0.32,2018
539,0.19,0.97,215000,0.41,0.08,-6,0.07,121,0.73,2018
540,0.04,0.63,215000,0.8,0.1,-4,0.06,107,0.32,2018
541,0.1,0.71,279000,0.63,0.08,-7,0.08,97,0.37,2018
542,0.28,0.69,192000,0.73,0.11,-5,0.37,129,0.48,2018
543,0.03,0.52,341000,0.57,0.11,-5,0.03,120,0.21,2018
544,0.02,0.64,197000,0.81,0.08,-5,0.33,93,0.91,2018
545,0.24,0.46,185000,0.57,0.1,-6,0.05,168,0.19,2018
546,0.06,0.77,191000,0.62,0.21,-5,0.1,140,0.68,2018
547,0.04,0.84,164000,0.62,0.13,-7,0.08,122,0.74,2018
548,0.2,0.63,194000,0.59,0.1,-7,0.11,90,0.68,2018
549,0.01,0.65,245000,0.59,0.11,-6,0.06,159,0.15,2018
550,0.02,0.76,210000,0.72,0.23,-6,0.08,105,0.47,2018
551,0.0,0.92,220000,0.73,0.12,-7,0.09,95,0.2,2018
552,0.02,0.54,243000,0.8,0.42,-5,0.03,113,0.18,2018
553,0.08,0.57,212000,0.69,0.06,-5,0.12,92,0.32,2018
554,0.05,0.63,220000,0.79,0.16,-4,0.06,104,0.41,2018
555,0.1,0.66,191000,0.6,0.11,-5,0.06,126,0.45,2018
556,0.03,0.39,272000,0.59,0.09,-6,0.06,114,0.19,2018
557,0.05,0.77,202000,0.74,0.09,-6,0.04,120,0.86,2018
558,0.23,0.53,195000,0.61,0.23,-7,0.06,145,0.53,2018
559,0.81,0.48,304000,0.44,0.64,-10,0.24,82,0.62,2018
560,0.7,0.68,233000,0.41,0.12,-8,0.03,112,0.2,2018
561,0.02,0.73,221000,0.69,0.1,-4,0.05,94,0.42,2018
562,0.03,0.76,169000,0.87,0.07,-4,0.05,100,0.9,2018
563,0.25,0.75,186000,0.64,0.11,-5,0.09,100,0.45,2018
564,0.04,0.75,294000,0.58,0.25,-6,0.14,97,0.65,2018
565,0.16,0.63,227000,0.69,0.12,-4,0.09,130,0.25,2018
566,0.02,0.58,213000,0.48,0.1,-6,0.03,77,0.42,2018
567,0.01,0.79,226000,0.55,0.13,-7,0.05,120,0.23,2018
568,0.0,0.75,248000,0.76,0.2,-8,0.05,110,0.58,2018
569,0.13,0.58,190000,0.84,0.1,-5,0.22,160,0.5,2018
570,0.05,0.97,264000,0.59,0.08,-8,0.26,130,0.27,2018
571,0.05,0.58,182000,0.77,0.09,-5,0.08,102,0.76,2018
572,0.84,0.76,189000,0.32,0.08,-7,0.05,91,0.57,2019
573,0.58,0.51,206000,0.34,0.21,-9,0.04,102,0.09,2019
574,0.75,0.5,182000,0.41,0.11,-6,0.03,110,0.45,2019
575,0.04,0.76,191000,0.54,0.09,-6,0.03,117,0.75,2019
576,0.15,0.48,202000,0.68,0.08,-5,0.09,111,0.35,2019
577,0.15,0.86,204000,0.62,0.09,-6,0.08,98,0.67,2019
578,0.56,0.62,184000,0.46,0.14,-6,0.03,127,0.5,2019
579,0.19,0.69,214000,0.79,0.17,-3,0.05,100,0.67,2019
580,0.11,0.72,173000,0.62,0.12,-3,0.11,158,0.41,2019
581,0.3,0.67,159000,0.89,0.74,-3,0.06,96,0.48,2019
582,0.02,0.69,228000,0.68,0.1,-7,0.03,104,0.4,2019
583,0.11,0.8,183000,0.5,0.06,-6,0.07,94,0.87,2019
584,0.12,0.64,198000,0.65,0.08,-8,0.19,93,0.55,2019
585,0.04,0.84,181000,0.73,0.11,-5,0.06,138,0.95,2019
586,0.3,0.67,178000,0.88,0.08,-3,0.15,99,0.23,2019
587,0.09,0.8,220000,0.68,0.09,-5,0.04,102,0.84,2019
588,0.05,0.9,198000,0.4,0.06,-9,0.13,136,0.35,2019
589,0.02,0.81,229000,0.89,0.08,-4,0.04,122,0.61,2019
590,0.13,0.53,210000,0.51,0.1,-8,0.03,100,0.35,2019
591,0.48,0.73,148000,0.86,0.11,-5,0.03,125,0.52,2019
592,0.57,0.85,236000,0.54,0.13,-7,0.05,125,0.45,2019
593,0.2,0.59,218000,0.7,0.34,-6,0.03,104,0.52,2019
594,0.12,0.7,261000,0.45,0.16,-7,0.15,93,0.14,2019
595,0.13,0.72,162000,0.82,0.36,-5,0.05,152,0.91,2019
596,0.16,0.84,213000,0.8,0.06,-4,0.23,96,0.62,2019
597,0.17,0.74,181000,0.87,0.04,-3,0.05,94,0.61,2019
598,0.01,0.61,176000,0.66,0.2,-7,0.03,104,0.16,2019
599,0.21,0.75,206000,0.79,0.07,-6,0.12,95,0.61,2019
600,0.07,0.53,260000,0.76,0.09,-5,0.34,136,0.65,2019
601,0.01,0.6,217000,0.79,0.42,-6,0.07,114,0.24,2019
602,0.06,0.7,213000,0.44,0.13,-9,0.06,150,0.23,2019
